X,class 1,X,class 2
1.0078740157480300,34.45901639344270,1.0078740157480300,84.81967213114750
3.0078740157480300,49.40983606557380,3.0078740157480300,89.73770491803280
4.0,64.55737704918030,4.0,91.90163934426230
6.0,81.672131147541,6.0,94.85245901639340
7.0078740157480300,89.73770491803280,7.0078740157480300,96.81967213114750
8.0,100.95081967213100,8.0,98.0